name,Chromosome,trait,lodscore,R2,Peak,Start,End
qSR.A01-1,A01,IciMapping,5.7064,0.03218,10,8.529,25.1
qSR.A02-1,A02,IciMapping,5.484,0.03564,55,52.638,55.769
qSR.A03/B03-1,A03/B03,IciMapping,6.9585,0.038778,30,28.346,30.396
qSR.A03/B03-2,A03/B03,IciMapping,3.88125,0.08036,120,116.87,123.12